{
    "loss": 0.0926360934972763,
    "accuracy": 0.9833333492279053
}