{
    "loss": 0.12115874141454697,
    "accuracy": 0.9666666388511658
}