{
    "loss": 0.28080302476882935,
    "accuracy": 0.9666666388511658
}